{
    "device_a": {
        "processing_time_per_layer": [
            0.007001399993896484,
            0.004000663757324219,
            0.003999233245849609,
            0.06600093841552734,
            0.026999473571777344,
            0.018999814987182617,
            0.04700064659118652,
            0.02599954605102539,
            0.015000104904174805,
            0.032004356384277344,
            0.007002115249633789,
            0.05100059509277344,
            0.05000185966491699,
            0.006003141403198242,
            0.051000118255615234,
            0.04800081253051758,
            0.13700079917907715,
            0.13500237464904785,
            0.1380002498626709,
            0.002000570297241211
        ],
        "system_bandwidth_capability": 250,
        "system_memory_capacity": 32621.54,
        "num_instances": 1
    },
    "device_b": {
        "processing_time_per_layer": [
            0.015621423721313477,
            0.015620231628417969,
            0.015618085861206055,
            0.1718740463256836,
            0.06249594688415527,
            0.015628337860107422,
            0.12499284744262695,
            0.0468752384185791,
            0.031244277954101562,
            0.07812881469726562,
            0.015620946884155273,
            0.12496376037597656,
            0.10937619209289551,
            0.015616893768310547,
            0.12500381469726562,
            0.109375,
            0.43749356269836426,
            0.4531214237213135,
            0.437488317489624,
            0.002999544143676758
        ],
        "system_bandwidth_capability": 180,
        "system_memory_capacity": 16327.66,
        "num_instances": 1
    },
    "device_c": {
        "processing_time_per_layer": [
            0.014999866485595703,
            0.011999845504760742,
            0.008000612258911133,
            0.3039994239807129,
            0.08500051498413086,
            0.08699965476989746,
            0.1379995346069336,
            0.08201360702514648,
            0.024000883102416992,
            0.18154120445251465,
            0.009001731872558594,
            0.20300006866455078,
            0.1920003890991211,
            0.009999990463256836,
            0.16499996185302734,
            0.14800119400024414,
            0.24199986457824707,
            0.2420046329498291,
            0.2090003490447998,
            0.002001523971557617
        ],
        "system_bandwidth_capability": 120,
        "system_memory_capacity": 49090.27,
        "num_instances": 1
    },
    "device_d": {
        "processing_time_per_layer": [
            0.003331899642944336,
            0.001991748809814453,
            0.0007908344268798828,
            0.0792379379272461,
            0.02676105499267578,
            0.009588003158569336,
            0.05539512634277344,
            0.020386219024658203,
            0.007858991622924805,
            0.07209587097167969,
            0.0032067298889160156,
            0.05409693717956543,
            0.07225799560546875,
            0.003284931182861328,
            0.05495405197143555,
            0.07148313522338867,
            0.1316530704498291,
            0.13042879104614258,
            0.1314411163330078,
            0.00038504600524902344
        ],
        "system_bandwidth_capability": 200,
        "system_memory_capacity": 18432.00,
        "num_instances": 1
    },
    "device_e": {
        "processing_time_per_layer": [
            0.005983829498291016,
            0.003990888595581055,
            0.0029916763305664062,
            0.16453075408935547,
            0.05083060264587402,
            0.03191328048706055,
            0.11469388008117676,
            0.03989291191101074,
            0.013931035995483398,
            0.06781816482543945,
            0.00598907470703125,
            0.09773826599121094,
            0.09671163558959961,
            0.005952358245849609,
            0.10072159767150879,
            0.10471940040588379,
            0.36499619483947754,
            0.35204553604125977,
            0.33310985565185547,
            0.0019941329956054688
        ],
        "system_bandwidth_capability": 150,
        "system_memory_capacity": 16296.44,
        "num_instances": 1
    },
    "device_f": {
        "processing_time_per_layer": [
            0.006948232650756836,
            0.0049397945404052734,
            0.003959178924560547,
            0.11921501159667969,
            0.033861398696899414,
            0.01791858673095703,
            0.06229424476623535,
            0.025886058807373047,
            0.01491546630859375,
            0.043515920639038086,
            0.006935596466064453,
            0.06777667999267578,
            0.0697934627532959,
            0.006947755813598633,
            0.0662851333618164,
            0.06877422332763672,
            0.25281834602355957,
            0.24882912635803223,
            0.2404015064239502,
            0.0019614696502685547
        ],
        "system_bandwidth_capability": 100,
        "system_memory_capacity": 8002.02,
        "num_instances": 0
    }
}